PDB_ID,RMSD_CDR3_A,RMSD_CDR3_B
7l1d_0,2.039,1.366
7l1d_1,1.566,1.249
7l1d_2,1.828,1.553
7l1d_3,2.043,1.459
7l1d_4,1.869,0.996
7na5_0,5.9,6.98
7na5_1,3.782,6.385
7na5_2,7.16,7.984
7na5_3,3.216,5.99
7na5_4,8.455,8.711
7pbc_0,0.67,0.517
7pbc_1,0.575,0.554
7pbc_2,0.805,0.504
7pbc_3,0.664,0.366
7pbc_4,0.458,0.436
7pbe_0,1.711,1.838
7pbe_1,1.532,1.608
7pbe_2,1.454,1.407
7pbe_3,1.431,1.406
7pbe_4,1.661,1.694
7pdw_0,1.283,0.916
7pdw_1,1.309,0.626
7pdw_2,1.476,1.066
7pdw_3,1.104,0.473
7pdw_4,1.34,0.868
7phr_0,0.59,0.479
7phr_1,0.542,0.41
7phr_2,0.667,0.727
7phr_3,0.742,0.575
7phr_4,0.412,0.29
7qpj_0,0.309,0.617
7qpj_1,0.23,0.882
7qpj_2,0.477,0.848
7qpj_3,0.48,0.836
7qpj_4,0.753,1.032
7rk7_0,4.855,5.263
7rk7_1,5.599,5.226
7rk7_2,9.259,6.531
7rk7_3,8.001,5.229
7rk7_4,7.124,6.872
7rm4_0,11.064,24.976
7rm4_1,13.108,22.298
7rm4_2,11.091,25.076
7rm4_3,3.26,2.709
7rm4_4,10.756,18.389
7rrg_0,6.934,13.209
7rrg_1,6.832,12.398
7rrg_2,6.353,12.636
7rrg_3,5.226,11.606
7rrg_4,4.105,9.503
8d5q_0,2.061,0.94
8d5q_1,1.921,0.934
8d5q_2,1.711,1.027
8d5q_3,1.801,1.189
8d5q_4,2.781,1.664
8dnt_0,2.862,2.699
8dnt_1,2.925,2.811
8dnt_2,2.648,2.485
8dnt_3,2.869,2.623
8dnt_4,2.615,2.332
8i5c_0,3.013,2.818
8i5c_1,3.57,3.478
8i5c_2,2.763,2.546
8i5c_3,2.442,2.579
8i5c_4,3.024,2.994
8i5d_0,0.528,1.043
8i5d_1,0.999,1.89
8i5d_2,0.533,0.986
8i5d_3,1.528,2.664
8i5d_4,2.313,2.069
8shi_0,2.026,2.57
8shi_1,14.994,8.183
8shi_2,7.817,2.456
8shi_3,6.887,1.67
8shi_4,7.704,5.129
8wte_0,1.904,3.146
8wte_1,1.921,1.592
8wte_2,2.929,3.033
8wte_3,1.231,2.114
8wte_4,1.426,3.349
8wul_0,3.831,3.243
8wul_1,3.319,2.747
8wul_2,2.938,2.681
8wul_3,3.957,3.472
8wul_4,3.61,2.73
